{"id": "action_messages_dashboard_automation", "scriptContent": "ACTION_MESSAGES = {}\nACTION_MESSAGES['ForceDown'] = 'Block traffic from the selected node - Only active connections allowed'\nACTION_MESSAGES['Enable'] = 'Allow traffic to the selected node'\nACTION_MESSAGES['Disable'] = 'Block traffic from the selected node - Only persistent or active connections allowed'\nACTION_MESSAGES['ForceDown_Active'] = 'Inactive, forced down the selected node,session disabled'\nACTION_MESSAGES['ClearCache'] = 'Web Accelaration(WA) Cache clear'\nACTION_MESSAGES['ClearPersistenceRecords'] = 'Resets the Persistance Records'\nACTION_MESSAGES['setHighestPriority'] = 'Priority based activation'\n# ACTION_MESSAGES['GracefulDisable'] = ''\nACTION_MESSAGES['ForceDownAll'] = 'Lists the pool member in all associated pools,select and Force Down'\nACTION_MESSAGES['DisableAll'] = 'Lists the pool member in all associated pools,select and disable'\nACTION_MESSAGES['EnableAll'] = 'Lists the pool member in all associated pools,select and enable'\nACTION_MESSAGES['EnablePersistence'] = 'Allows existing persistance records'\nACTION_MESSAGES['DisablePersistence'] = 'Blocks the existing persistance records'", "scriptType": "Python", "name": "action_messages_dashboard_automation", "description": ""}