{"id": "create_role_dashboard_helper", "scriptContent": "import os\nimport sys\nsys.path.append(AVX::DEPENDENCIES)\nsys.path.append(AVX::HELPER)\nimport appviewx\nimport Decrypt_Python3\nfrom logger_util import get_logger\nAPI_USER = 'AVX_GUI'\nlogger = get_logger(\"dashboard helper\")\n\nclass DBUtil():\n    '''\n    Database wrapper for db connection\n    '''\n    @classmethod\n    def get_db_conn(self):\n        '''\n        open the mongodb connection\n    \n        Args:\n            param1(self):           self is a reference to the class instance,\n\n        Returns:\n            connecion object: The return type. \n    \n        '''\n        try:\n            return appviewx.db_connection()\n        except:\n            raise Exception(sys.exc_info()[1])\n\nclass DeviceUtil():\n    '''\n    Wrapper for ADC\n    \n    '''\n    \n    @classmethod\n    def get_device_details(self,connection):\n        '''\n        fetch the username,password,ip of the given F5 device name\n    \n        Args:\n            param1(self):           self is a reference to the class instance,\n            param2(infoblox_ip):    F5 device name\n            param3(connection):     mongodb connection\n            \n        \n        Returns:\n            dict: The return type. details for success. exception otherwise\n    \n        '''\n        try:\n            device_collection = connection.appviewx.device\n            device_name = device_collection.find_one({'name':API_USER})\n            username,password = Decrypt_Python3.getpassword(API_USER)\n            result_dict = {'hostname':device_name['ip'],\n                          'username':username,\n                          'password':password,\n                          'datacenter':device_name['dataCenter'] or ''\n                          }\n            return result_dict\n        except Exception as e:\n            return e\n\nclass ConfUtil():\n    '''\n    Wrapper for ADC\n    \n    '''\n    \n    @classmethod\n    def get_gateway_key_from_conf_file(self):\n        '''\n        fetch the username,password,ip of the given F5 device name\n    \n        Args:\n            param1(self):           self is a reference to the class instance,\n            \n        Returns:\n            string: The return type. Gateway Key. exception otherwise\n    \n        '''\n        try:\n            conf_file = appviewx.get_conf_file()\n            conf_content = appviewx.get_conf_content(conf_file)\n            gateway_key = conf_content.get(\"APPVIEWX_GATEWAY_KEY\")\n            if not gateway_key:\n                gateway_key = conf_content[\"GATEWAY\"][\"APPVIEWX_GATEWAY_KEY\"]\n            if isinstance(gateway_key, list) and len(gateway_key) >= 1:\n                gateway_key = gateway_key[0]\n            return gateway_key\n        except Exception as exp:\n            return exp\n            \ndef get_session_id(db_conn, username):\n    \"\"\"Return session_id from db\n    \"\"\"\n    user = db_conn.user.find_one({\"loginName\": username})\n    logger.info(\"Logged in user\" + username)\n    if user and user.get(\"sessionIds\"):\n        return user[\"sessionIds\"][0]\n        \ndef fetch_gateway_key():\n   '''\n   fetch the gateway key from appviewx config file\n   :return: appviewx gateway key\n   '''\n   conf_content = {}\n   abs_path = os.path.dirname(os.path.abspath(__file__))\n   prop_file_path = abs_path + \"/../../properties/appviewx.properties\"\n   prop_file = open(prop_file_path)\n   prop_file_lines = prop_file.readlines()\n   for line in prop_file_lines:\n       if line is not \"\\n\" and \"GATEWAY_KEY\" in line or \"GATEWAY_BASE_URL\" in line:\n           conf_content[line.split(\"=\")[0]] = line.split(\"=\")[1].replace(\"\\n\",\"\")\n   # AVX::LOG(str(conf_content))\n   return conf_content['GATEWAY_BASE_URL'], conf_content['GATEWAY_KEY']\n   prop_file.close()\n    ", "scriptType": "Python", "name": "create_role_dashboard_helper", "description": ""}